{
  "model": "meta.llama3-1-405b-instruct-v1:0",
  "dimensions": {
    "Control": {
      "scores": [
        6.2,
        6.0,
        6.0
      ],
      "average": 6.066666666666666
    },
    "Awareness": {
      "scores": [
        7.0,
        7.0,
        6.0
      ],
      "average": 6.666666666666667
    },
    "Collection": {
      "scores": [
        4.666666666666667,
        5.0,
        5.0,
        6.0
      ],
      "average": 5.166666666666667
    }
  },
  "privacy_score": 5.188888888888889
}